Journal Name,Year Founded,Year S2O-OA initiated,Year S2O ended,Publisher Location,Affiliation,Current Publisher,Discipline,Has author-side fees?,ISSN-L,Wikidata,openAlexID,2020-Count,2021-Count,2022-Count,2023-Count,2024-Count,2025-Count
Advertising & Society Quarterly,2000,2025,N/A,USA,American Academy of Advertising,Advertising Educational Foundation,SSH,No,2475-1790,Q57268044,S4210207892,NA,NA,NA,NA,NA,48
Journal of Applied Physics,1931,2024,N/A,USA,The American Institute of Physics (AIP),American Institute of Physics Publishing,PSM,No,0021-8979,Q1987941,S187991544,NA,NA,NA,NA,1753,1947
Physics of Plasmas,1994,2024,N/A,USA,The American Institute of Physics (AIP),American Institute of Physics Publishing,PSM,No,1070-664X,Q2404507,S66354037,NA,NA,NA,NA,913,939
Antimicrobial Agents and Chemotherapy®,1972,2025,N/A,USA,American Society for Microbiology,American Society for Microbiology,LS,Yes,0066-4804,Q578004,S47215897,NA,NA,NA,NA,NA,438
Applied and Environmental Microbiology®,1953,2025,N/A,USA,American Society for Microbiology,American Society for Microbiology,LS,Yes,0099-2240,Q4781593,S158228368,NA,NA,NA,NA,NA,652
Infection and Immunity®,1967,2025,N/A,USA,American Society for Microbiology,American Society for Microbiology,LS,Yes,0019-9567,Q6029193,S128227336,NA,NA,NA,NA,NA,176
Journal of Bacteriology®,1916,2025,N/A,USA,American Society for Microbiology,American Society for Microbiology,LS,Yes,0021-9193,Q478419,S133274750,NA,NA,NA,NA,NA,244
Journal of Clinical Microbiology®,1975,2025,N/A,USA,American Society for Microbiology,American Society for Microbiology,LS,Yes,0095-1137,Q4041880,S53087977,NA,NA,NA,NA,NA,269
Journal of Virology®,1967,2025,N/A,USA,American Society for Microbiology,American Society for Microbiology,LS,Yes,0022-538X,Q1251128,S96615428,NA,NA,NA,NA,NA,748
DNK Documentatieblad voor de Nederlandse kerkgeschiedenis na 1800,1977,2021,N/A,The Netherlands,(none),Amsterdam University Press,SSH,No,0923-7771,Q15766677,S4210183614,NA,31,15,12,15,11
Pedagogiek,1981,2021,N/A,The Netherlands,(none),Amsterdam University Press,SSH,No,1567-7109,Q96724108,S4210169714,NA,36,24,18,21,15
Queeste: Journal of Medieval Literature in the Low Countries,1994,2022,N/A,The Netherlands,(none),Amsterdam University Press,SSH,No,0929-8592,Q15763972,S4210180492,NA,NA,NA,15,13,15
Tijdschrift voor Genderstudies,1998,2023,N/A,The Netherlands,(none),Amsterdam University Press,SSH,No,1388-3186,Q15753030,s4210197315,NA,NA,NA,39,39,45
Tijdschrift voor Geschiedenis,1886,2021,N/A,The Netherlands,(none),Amsterdam University Press,SSH,No,0040-7518,Q15759340,S129808133,NA,112,89,67,81,61
Tijdschrift voor Taalbeheersing,1979,2021,N/A,The Netherlands,(none),Amsterdam University Press,SSH,No,1573-9775,Q96738100,S4210203645,NA,13,14,4,10,9
Trajecta: Religion Culture and Society in the Low Countries,1992,2021,N/A,The Netherlands,(none),Amsterdam University Press,SSH,No,0778-8304,Q19720531,S4210229827,NA,15,5,4,4,7
Annual Review of Analytical Chemistry,2008,2023,N/A,USA,(none),Annual Reviews,LS,No,1936-1327,Q4769664,S171259723,NA,NA,NA,21,22,23
Annual Review of Animal Biosciences,2013,2023,N/A,USA,(none),Annual Reviews,LS,No,2165-8102,Q26853826,S2491293328,NA,NA,NA,23,28,17
Annual Review of Anthropology,1972,2023,N/A,USA,(none),Annual Reviews,SSH,No,0084-6570,Q4769665,S195167216,NA,NA,NA,30,24,29
Annual Review of Astronomy and Astrophysics,1963,2023,N/A,USA,(none),Annual Reviews,PSM,No,0066-4146,Q2390413,S29882555,NA,NA,NA,15,15,13
Annual Review of Biochemistry,1932,2023,N/A,USA,(none),Annual Reviews,LS,No,0066-4154,Q567356,S53860259,NA,NA,NA,21,21,21
Annual Review of Biomedical Data Science,1932,2023,N/A,USA,(none),Annual Reviews,LS,No,2574-3414,Q96320962,S4210232080,NA,NA,NA,23,20,27
Annual Review of Biomedical Engineering,1999,2021,N/A,USA,(none),Annual Reviews,LS,No,1523-9829,Q4769667,S171268996,NA,24,13,20,22,20
Annual Review of Biophysics,1972,2023,N/A,USA,(none),Annual Reviews,LS,No,1936-122X,Q4034062,S4157722,NA,NA,NA,34,18,22
Annual Review of Cancer Biology,2017,2020,N/A,USA,(none),Annual Reviews,LS,No,2472-3428,Q96320109,S4210178937,21,13,10,29,26,21
Annual Review of Cell and Developmental Biology,1985,2023,N/A,USA,(none),Annual Reviews,LS,No,1081-0706,Q4497277,S93285647,NA,NA,NA,19,19,23
Annual Review of Chemical and Biomolecular Engineering,2010,2023,N/A,USA,(none),Annual Reviews,LS,No,1947-5438,Q4769670,S161759566,NA,NA,NA,18,16,20
Annual Review of Clinical Psychology,2005,2023,N/A,USA,(none),Annual Reviews,SSH,No,1548-5943,Q15750423,S87014875,NA,NA,NA,20,20,24
Annual Review of Condensed Matter Physics,2010,2023,N/A,USA,(none),Annual Reviews,PSM,No,1947-5454,Q5126422,S185750702,NA,NA,NA,15,20,19
"Annual Review of Control, Robotics, and Autonomous Systems",2018,2023,N/A,USA,(none),Annual Reviews,PSM,No,2573-5144,Q96320655,S4210191328,NA,NA,NA,21,14,20
Annual Review of Criminology,2018,2023,N/A,USA,(none),Annual Reviews,SSH,No,2572-4568,Q96320223,S4210217772,NA,NA,NA,19,17,23
Annual Review of Developmental Psychology,2019,2023,N/A,USA,(none),Annual Reviews,SSH,No,2640-7922,Q96319262,S4210209873,NA,NA,NA,20,22,22
Annual Review of Earth and Planetary Sciences,1973,2023,N/A,USA,(none),Annual Reviews,PSM,No,0084-6597,Q2448759,S135981667,NA,NA,NA,25,28,26
"Annual Review of Ecology, Evolution, and Systematics",1970,2023,N/A,USA,(none),Annual Reviews,LS,No,1543-592X,Q4034066,S119405978,NA,NA,NA,23,21,27
Annual Review of Economics,2009,2023,N/A,USA,(none),Annual Reviews,SSH,No,1941-1383,Q1619169,S196715598,NA,NA,NA,29,23,30
Annual Review of Entomology,1956,2023,N/A,USA,(none),Annual Reviews,LS,No,0066-4170,Q15756317,S92576693,NA,NA,NA,26,24,35
Annual Review of Environment and Resources,1976,2020,N/A,USA,(none),Annual Reviews,LS,No,1543-5938,Q15716736,S5491134,19,27,33,33,27,29
Annual Review of Financial Economics,2009,2023,N/A,USA,(none),Annual Reviews,SSH,No,1941-1367,Q28089660,S4210170931,NA,NA,NA,33,19,21
Annual Review of Fluid Mechanics,1969,2023,N/A,USA,(none),Annual Reviews,PSM,No,0066-4189,Q15750016,S169493037,NA,NA,NA,23,19,18
Annual Review of Food Science and Technology,2010,2023,N/A,USA,(none),Annual Reviews,PSM,No,1941-1413,Q26841961,S4210185937,NA,NA,NA,28,17,21
Annual Review of Genetics,1967,2023,N/A,USA,(none),Annual Reviews,LS,No,0066-4197,Q567358,S92134727,NA,NA,NA,20,22,21
Annual Review of Genomics and Human Genetics,2000,2021,N/A,USA,(none),Annual Reviews,LS,No,1527-8204,Q567360,S8095556,NA,18,29,18,20,21
Annual Review of Immunology,1983,2023,N/A,USA,(none),Annual Reviews,LS,No,0732-0582,Q567362,S109088427,NA,NA,NA,28,22,28
Annual Review of Law and Social Science,2005,2023,N/A,USA,(none),Annual Reviews,SSH,No,1550-3585,Q15758831,S59069355,NA,NA,NA,21,21,29
Annual Review of Linguistics,2015,2023,N/A,USA,(none),Annual Reviews,SSH,No,2333-9683,Q29043886,S4210191548,NA,NA,NA,18,15,18
Annual Review of Marine Science,2009,2023,N/A,USA,(none),Annual Reviews,LS,No,1941-1405,Q18712759,S43203325,NA,NA,NA,22,27,19
Annual Review of Materials Research,1971,2023,N/A,USA,(none),Annual Reviews,PSM,No,1531-7331,Q15752164,S165210498,NA,NA,NA,17,12,19
Annual Review of Medicine,1950,2023,N/A,USA,(none),Annual Reviews,LS,No,0066-4219,Q567363,S16909082,NA,NA,NA,37,28,30
Annual Review of Microbiology,1947,2023,N/A,USA,(none),Annual Reviews,LS,No,0066-4227,Q15762942,S82779230,NA,NA,NA,34,31,37
Annual Review of Neuroscience,1978,2023,N/A,USA,(none),Annual Reviews,LS,No,0147-006X,Q15753632,S131371711,NA,NA,NA,21,19,26
Annual Review of Nuclear and Particle Science,1952,2020,N/A,USA,(none),Annual Reviews,PSM,No,0163-8998,Q2576517,S112282628,18,22,18,18,23,20
Annual Review of Nutrition,1981,2023,N/A,USA,(none),Annual Reviews,LS,No,0199-9885,Q4769675,S160110530,NA,NA,NA,19,19,17
Annual Review of Organizational Psychology and Organizational Behavior,2014,2023,N/A,USA,(none),Annual Reviews,SSH,No,2327-0606,Q29043982,S4210200923,NA,NA,NA,23,16,19
Annual Review of Pathology: Mechanisms of Disease,2006,2023,N/A,USA,(none),Annual Reviews,LS,No,1553-4006,Q15263665,S188288600,NA,NA,NA,22,17,25
Annual Review of Pharmacology and Toxicology,1961,2023,N/A,USA,(none),Annual Reviews,LS,No,0362-1642,Q567365,S163849586,NA,NA,NA,36,24,32
Annual Review of Physical Chemistry,1950,2023,N/A,USA,(none),Annual Reviews,PSM,No,0066-426X,Q2680214,S136526455,NA,NA,NA,24,22,38
Annual Review of Physiology,1939,2023,N/A,USA,(none),Annual Reviews,LS,No,0066-4278,Q567364,S196366644,NA,NA,NA,21,25,21
Annual Review of Phytopathology,1963,2023,N/A,USA,(none),Annual Reviews,LS,No,0066-4286,Q15750453,S165675472,NA,NA,NA,19,18,27
Annual Review of Plant Biology,1950,2023,N/A,USA,(none),Annual Reviews,LS,No,1543-5008,Q567367,S176558078,NA,NA,NA,27,30,22
Annual Review of Political Science,1998,2020,N/A,USA,(none),Annual Reviews,SSH,No,1094-2939,Q15758213,S8194976,22,30,25,20,22,30
Annual Review of Psychology,1950,2023,N/A,USA,(none),Annual Reviews,SSH,No,0066-4308,Q15762820,S90670110,NA,NA,NA,27,33,28
Annual Review of Public Health,1980,2020,N/A,USA,(none),Annual Reviews,LS,No,0163-7525,Q15751557,S113591250,38,29,30,29,27,31
Annual Review of Resource Economics,2009,2023,N/A,USA,(none),Annual Reviews,PSM,No,1941-1340,Q4769673,S76844451,NA,NA,NA,25,19,26
Annual Review of Sociology,1975,2023,N/A,USA,(none),Annual Reviews,SSH,No,0360-0572,Q4769674,S61274580,NA,NA,NA,23,39,22
Annual Review of Statistics and Its Application,2014,2023,N/A,USA,(none),Annual Reviews,PSM,No,2326-8298,Q27725307,S4210217375,NA,NA,NA,28,24,19
Annual Review of Virology,2014,2021,N/A,USA,(none),Annual Reviews,LS,No,2327-056X,Q19962702,S2764917282,NA,30,30,25,22,27
Annual Review of Vision Science,2015,2023,N/A,USA,(none),Annual Reviews,LS,No,2374-4642,Q27726601,S4210222997,NA,NA,NA,24,20,26
American Journal of Physiology-Cell Physiology,,2025,N/A,USA,American Physiological Society (APS),APS Publications,LS,Yes,0363-6143,Q2227080,S62704344,NA,NA,NA,NA,NA,306
American Journal of Physiology-Endocrinology and Metabolism,,2025,N/A,USA,American Physiological Society (APS),APS Publications,LS,Yes,0193-1849,Q15765671,S196637695,NA,NA,NA,NA,NA,173
American Journal of Physiology-Gastrointestinal and Liver Physiology,,2025,N/A,USA,American Physiological Society (APS),APS Publications,LS,Yes,0193-1857,Q15765756,S34136372,NA,NA,NA,NA,NA,145
American Journal of Physiology-Heart and Circulatory Physiology,,2025,N/A,USA,American Physiological Society (APS),APS Publications,LS,Yes,0363-6135,Q3193662,S87338489,NA,NA,NA,NA,NA,323
American Journal of Physiology-Lung Cellular and Molecular Physiology,,2025,N/A,USA,American Physiological Society (APS),APS Publications,LS,Yes,1040-0605,Q4352992,S47245711,NA,NA,NA,NA,NA,133
"American Journal of Physiology-Regulatory, Integrative and Comparative Physiology",,2025,N/A,USA,American Physiological Society (APS),APS Publications,LS,Yes,0363-6119,Q2201819,S59702976,NA,NA,NA,NA,NA,172
American Journal of Physiology-Renal Physiology,,2025,N/A,USA,American Physiological Society (APS),APS Publications,LS,Yes,0363-6127,Q2610177,S200780590,NA,NA,NA,NA,NA,151
Journal of Applied Physiology,1948,2025,N/A,USA,American Physiological Society (APS),APS Publications,LS,Yes,8750-7587,Q1091719,S140889577,NA,NA,NA,NA,NA,332
Journal of Neurophysiology,1938,2025,N/A,USA,American Physiological Society (APS),APS Publications,LS,Yes,0022-3077,Q1709863,S142952003,NA,NA,NA,NA,NA,332
Physiological Genomics,1999,2025,N/A,USA,American Physiological Society (APS),APS Publications,LS,Yes,1094-8341,Q2506446,S57123121,NA,NA,NA,NA,NA,70
Anthropological Journal of European Cultures,1990,2020,N/A,USA,(none),Berghahn Books,SSH,No,1755-2923,Q4773889,S131365115,18,23,19,17,23,21
Anthropology in Action,2005,2024,N/A,USA,Association of Social Anthropologists’ (ASA) Apply Network,Berghahn Books,SSH,No,1752-2285,Q4773908,S88815126,NA,NA,NA,NA,11,NA
Anthropology of the Middle East,2006,2020,N/A,USA,(none),Berghahn Books,SSH,No,1746-0719,Q4773912,S130547522,22,15,18,15,18,15
Conflict and Society,2015,2020,N/A,USA,(none),Berghahn Books,SSH,No,2164-4543,Q96702731,S4210222309,15,14,18,12,12,13
Environment and Society,2010,2020,N/A,USA,(none),Berghahn Books,SSH,No,2150-6779,Q15817288,S4210215217,16,14,11,19,13,13
Ethnologia Europaea,1966,2024,N/A,USA,International Society for Ethnology and Folklore,Berghahn Books,SSH,No,0425-4597,Q1371380,S2764641216,NA,NA,NA,NA,12,15
Focaal,1985,2020,N/A,USA,(none),Berghahn Books,SSH,No,0920-1297,Q5463826,S28021636,34,34,27,21,31,29
Journal of Legal Anthropology,2013,2020,N/A,USA,(none),Berghahn Books,SSH,No,1758-9584,Q96717601,S4210223901,21,12,12,10,10,6
Learning and Teaching,2008,2020,N/A,USA,(none),Berghahn Books,SSH,No,1755-2273,Q15759628,S117351501,19,21,19,22,21,18
Migration and Society,2018,2020,N/A,USA,(none),Berghahn Books,SSH,No,2574-1306,Q96730183,S4210196370,30,19,17,16,19,18
Museum Worlds,2013,2020,N/A,USA,(none),Berghahn Books,SSH,No,2049-6729,Q96716975,S4210222534,19,16,22,20,19,25
Religion and Society,2010,2020,N/A,USA,(none),Berghahn Books,SSH,No,2150-9298,Q96330970,S4210168512,24,17,18,15,24,0
Sibirica,2001,2020,N/A,USA,(none),Berghahn Books,SSH,No,1361-7362,Q96333665,S4210173922,21,17,22,20,13,9
Social Analysis,1979,2020,N/A,USA,(none),Berghahn Books,SSH,No,0155-977X,Q15710141,S57599369,37,52,23,25,26,13
Social Anthropology/Anthropologie Sociale,1992,2022,N/A,USA,European Association of Social Anthropologists,Berghahn Books,SSH,No,0964-0282,Q1749466,S20076162,NA,NA,NA,37,37,34
The Cambridge Journal of Anthropology,1973,2020,N/A,USA,University of Cambridge (originally),Berghahn Books,SSH,No,2047-7716,Q96735216,S2765025229,21,22,20,20,19,20
Centaurus,1950,2022,N/A,Belgium,European Society for the History of Science,Brepols,SSH,No,0008-8994,Q1053506,S152009833,NA,NA,76,58,36,15
Revue d'histoire des sciences / Review of the history of science,1947,2025,N/A,France,(none),CAIRN/Armand Colin,SSH,No,0151-4105,Q15761462,S64767958,NA,NA,NA,NA,NA,32
La nouvelle revue - Éducation et société inclusives,1945,2023,N/A,France,(none),CAIRN/Association la Revue nouvelle,SSH,No,2426-6248,Q96723916,S4210194492,NA,NA,NA,52,60,36
Formation emploi / Training employment,1983,2025,N/A,France,Centre for Studies and Research on Qualifications (Céreq),CAIRN/Céreq,SSH,No,0759-6340,Q57962881,S4306510746,NA,NA,NA,NA,NA,36
Innovations. Revue d’Economie et de Management de l’Innovation,2001,2025,N/A,France,(none),CAIRN/De Boeck Supérieur,SSH,No,1267-4982,Q3151427,s4210226904,NA,NA,NA,NA,NA,226
Participations,2011,2025,N/A,France,(none),CAIRN/De Boeck Supérieur,SSH,No,2034-7650,Q66092213,S4210202067,NA,NA,NA,NA,NA,16
Revue internationale de politique comparée,1994,2023,N/A,France,(none),CAIRN/De Boeck Supérieur,SSH,No,1370-0731,Q55630607,S4210174549,NA,NA,NA,19,15,14
STAPS,1980,2025,N/A,France,Association Francophone pour la Recherche en Activités Physiques et Sportives,CAIRN/De Boeck Supérieur,SSH,No,0247-106X,Q47010074,S34091647,NA,NA,NA,NA,NA,44
Nouvelles Questions Féministes / New Feminist Questions,1981,2025,N/A,France,(none),CAIRN/Éditions Antipodes,SSH,No,0248-4951,Q3345255,S11168779,NA,NA,NA,NA,NA,51
Archives de sciences sociales des religions,1956,2025,N/A,France,(none),CAIRN/Éditions de l'EHESS,SSH,No,0335-5985,Q2860453,S168235515,NA,NA,NA,NA,NA,21
Histoire & Mesure / History & Measurement,1986,2025,N/A,France,(none),CAIRN/Éditions de l'EHESS,SSH,No,0982-1783,Q3136533,S78365799,NA,NA,NA,NA,NA,13
Terrains & Travaux / Fields & Works,2000,2025,N/A,France,(none),CAIRN/ENS Paris-Saclay,SSH,No,1627-9506,Q47010142,S4210191005,NA,NA,NA,NA,NA,16
Espaces et Sociétés,1970,2023,N/A,France,(none),CAIRN/Érès,SSH,No,0014-0481,Q3058353,S4210236111,NA,NA,NA,38,62,77
Population,1946,2022,N/A,France,The French Institute for Demographic Studies (Ined),CAIRN/Ined,SSH,No,0032-4663,Q15304703,S65740423,NA,NA,40,31,23,37
Dialogues d'histoire ancienne,1981,2023,N/A,France,(none),CAIRN/Institut des Sciences et Techniques de l'Antiquité (ISTA),SSH,No,0755-7256,Q3026028,S118926362,NA,NA,NA,62,74,57
Sciences sociales et santé / Social Sciences and Health,1982,2025,N/A,France,(none),CAIRN/JLE Éditions,SSH,No,0294-0337,Q27715197,S87194268,NA,NA,NA,NA,NA,14
"Travail, genre et sociétés",1999,2022,N/A,France,(none),CAIRN/La Découverte,SSH,No,1294-6303,Q15758093,S111364325,NA,NA,57,44,48,50
Droit et Société,1985,2023,N/A,France,(none),CAIRN/Lextenso,SSH,No,0769-3362,Q15753106,S4210170263,NA,NA,NA,22,42,20
Revue Internationale d'Éducation Familiale / International review of family education,1997,2025,N/A,France,Association Internationale de Formation et de Recherche en Éducation Familiale (AIFREF),CAIRN/L'Harmattan,SSH,No,1279-7766,Q16652648,s4210177521,NA,NA,NA,NA,NA,19
Déviance et Société,1977,2023,N/A,France,(none),CAIRN/Médecine & Hygiène,SSH,No,0378-7931,Q3045490,S12723432,NA,NA,NA,15,14,18
Practical sociologies,1999,2025,N/A,France,(none),CAIRN/Presses de Sciences Po,SSH,No,1623-6572,Q104065492,S141864345,NA,NA,NA,NA,NA,30
Revue Économique / Economic Review,1950,2025,N/A,France,(none),CAIRN/Presses de Sciences Po,SSH,No,0035-2764,Q7318991,S115516397,NA,NA,NA,NA,NA,31
Diogène,1952,2023,N/A,France,(none),CAIRN/Presses Universitaires de France,SSH,No,0419-1633,Q3028691,S151871228,NA,NA,NA,36,29,49
Nouvelle revue d'esthétique,2008,2023,N/A,France,(none),CAIRN/Presses Universitaires de France,SSH,No,1969-2269,Q3345217,S4210187692,NA,NA,NA,43,18,40
Marché & Organisations - Revue d'Analyse Stratégique,2006,2025,N/A,France,(none),CAIRN/Réseau de recherche sur l'innovation,SSH,No,1953-6119,Q96727272,S4210222553,NA,NA,NA,NA,NA,15
Journal de la Société des Océanistes / Journal of the society of oceanists,1945,2025,N/A,France,Société des océanistes,CAIRN/Société des océanistes,SSH,No,0300-953X,Q3186854,S4306515200,NA,NA,NA,NA,NA,33
Économie rurale / Rural economy,1953,2024,N/A,France,Société française d’économie rurale,CAIRN/Société française d’économie rurale,SSH,No,0013-0559,Q56823485,S4210172832,NA,NA,NA,NA,65,200
Santé Publique / Public health,1988,2025,N/A,France,Société Française de Santé Publique (SFSP),CAIRN/Société Française de Santé Publique,SSH,No,0995-3914,Q27714659,S4210200750,NA,NA,NA,NA,NA,147
Dix-huitième siècle / Eighteenth century,1969,2025,N/A,France,Société Française d'Étude du Dix-Huitième Siècle,CAIRN/Société Française d'Étude du Dix-Huitième Siècle,SSH,No,0070-6760,Q15764205,S4210229667,NA,NA,NA,NA,NA,135
Revue européenne des migrations internationales / European review of international migrations,1985,2025,N/A,France,(none),CAIRN/Université de Poitiers,SSH,No,0765-0752,Q3428720,S4210238526,NA,NA,NA,NA,NA,52
Flux,1990,2022,N/A,France,Université Gustave Eiffel,CAIRN/Université Gustave Eiffel,SSH,No,1154-2721,Q58822300,S33019050,NA,NA,27,27,35,18
New Hibernia Review,1997,2025,N/A,USA,,Center for Irish Studies at the University of St. Thomas,SSH,No,1092-3977,Q15750950,S110082257,NA,NA,NA,NA,NA,38
Comitatus: A Journal of Medieval and Renaissance Studies,1970,2025,N/A,USA,,"Center for Medieval and Renaissance Studies, UCLA",SSH,No,0069-6412,Q15766904,S1026204619,NA,NA,NA,NA,NA,23
Latin American Theatre Review,1967,2025,N/A,USA,,"Center of Latin American Studies, University of Kansas",SSH,No,0023-8813,Q15764837,S111847983,NA,NA,NA,NA,NA,24
ABI Technik,1981,2021,N/A,Germany,(none),De Gruyter,SSH,No,0720-6763,Q287322,S970561846,NA,56,62,60,55,82
Analyse & Kritik,1979,2025,N/A,Germany,(none),De Gruyter,SSH,No,0171-5860,Q485105,S2764409345,NA,NA,NA,NA,NA,23
Arbeit,1992,2023,N/A,Germany,(none),De Gruyter,SSH,No,0941-5025,Q96703358,S4210180275,NA,NA,NA,28,19,26
Archiv für Geschichte der Philosophie,1888,2025,N/A,Germany,(none),De Gruyter,SSH,No,0003-9101,Q4787234,S33792061,NA,NA,NA,NA,NA,43
Asiatische Studien - Études Asiatiques,2014,2025,N/A,Germany,Swiss Asia Society,De Gruyter,SSH,No,0004-4717,Q15755123,S4210182469,NA,NA,NA,NA,NA,39
Bibliothek Forschung und Praxis,1977,2021,N/A,Germany,(none),De Gruyter,SSH,No,0341-4183,Q856448,S89564548,NA,87,85,97,92,58
Bibliotheksdienst,1967,2022,N/A,Germany,(none),De Gruyter,SSH,No,0006-1972,Q856594,S4210240624,NA,NA,127,107,120,90
Biological Chemistry,1878,2025,N/A,Germany,German Society for Biochemistry and Molecular Biology,De Gruyter,LS,No,1431-6730,Q4914948,S18118477,NA,NA,NA,NA,NA,48
Biomedical Engineering / Biomedizinische Technik,1956,2025,N/A,Germany,German Society for Biomedical Engineering,De Gruyter,LS,No,0013-5585,Q15749128,S186193465,NA,NA,NA,NA,NA,47
Cognitive Linguistics,1990,2024,N/A,Germany,(none),De Gruyter,SSH,No,0936-5907,Q15757981,S207053439,NA,NA,NA,NA,26,23
Cognitive Semiotics,2007,2025,N/A,Germany,(none),De Gruyter,SSH,No,1662-1425,Q96701735,S156392881,NA,NA,NA,NA,NA,9
Corpus Linguistics and Linguistic Theory,2005,2025,N/A,Germany,(none),De Gruyter,SSH,No,1613-7027,Q5172676,S93319263,NA,NA,NA,NA,NA,25
Die Denkmalpflege,1899,2025,N/A,Germany,(none),De Gruyter,SSH,No,0342-0027,Q1211946,s37677374,NA,NA,NA,NA,NA,34
European Journal of Applied Linguistics,2013,2025,N/A,Germany,International Association of Applied Linguistics (AILA),De Gruyter,SSH,No,2192-9521,Q96700231,S4210201512,NA,NA,NA,NA,NA,27
European Journal of Scandinavian Studies,2010,2025,N/A,Germany,(none),De Gruyter,SSH,No,2191-9399,Q15816625,S2764926088,NA,NA,NA,NA,NA,35
feministische studien,1982,2025,N/A,Germany,(none),De Gruyter,SSH,No,0723-5186,Q1404527,S20330309,NA,NA,NA,NA,NA,58
Frühmittelalterliche Studien,1967,2021,N/A,Germany,(none),De Gruyter,SSH,No,0071-9706,Q1283097,s4210239296,NA,20,16,21,15,16
German Economic Review,2000,2025,N/A,Germany,German Economic Association (Verein für Socialpolitik),De Gruyter,SSH,No,1465-6485,Q1513886,S13669392,NA,NA,NA,NA,NA,26
Historische Zeitschrift,1859,2025,N/A,Germany,(none),De Gruyter,SSH,No,0018-2613,Q315571,S162713455,NA,NA,NA,NA,NA,394
Holzforschung,1947,2025,N/A,Germany,(none),De Gruyter,LS,No,0018-3830,Q15757134,S202705189,NA,NA,NA,NA,NA,79
Hormone Molecular Biology and Clinical Investigation,2010,2025,N/A,Germany,(none),De Gruyter,LS,No,1868-1883,Q15817271,S122815271,NA,NA,NA,NA,NA,21
International Journal of Adolescent Medicine and Health,1985,2025,N/A,Germany,(none),De Gruyter,LS,No,0334-0139,Q26842034,S2754359993,NA,NA,NA,NA,NA,68
International Public History,2018,2025,N/A,Germany,International Federation for Public History,De Gruyter,SSH,No,2567-1111,Q96707953,S4210179480,NA,NA,NA,NA,NA,28
it - Information Technology,1959,2025,N/A,Germany,GI - Gesellschaft für Informatik e.V.,De Gruyter,SSH,No,1611-2776,Q53968633,S4210229153,NA,NA,NA,NA,NA,8
Jahrbuch für Wirtschaftsgeschichte / Economic History Yearbook,1960,2021,N/A,Germany,(none),De Gruyter,SSH,No,0075-2800,Q15817789,S4210202309,NA,21,22,24,25,23
Jahrbücher für Nationalökonomie und Statistik,1863,2023,N/A,Germany,(none),De Gruyter,SSH,No,0021-4027,Q1678629,S97042997,NA,NA,NA,38,46,35
Journal of African Languages and Linguistics,1979,2025,N/A,Germany,(none),De Gruyter,SSH,No,0167-6164,Q15758552,S48967297,NA,NA,NA,NA,NA,13
Journal of Literary Theory,2008,2021,N/A,Germany,(none),De Gruyter,SSH,No,1862-5290,Q1409364,S86016331,NA,7,19,15,12,25
Journal of Perinatal Medicine,1973,2025,N/A,Germany,World Association of Perinatal Medicine,De Gruyter,LS,No,0300-5577,Q15753400,S61009040,NA,NA,NA,NA,NA,191
Journal of Politeness Research,2005,2025,N/A,Germany,(none),De Gruyter,SSH,No,1612-5681,Q15758642,S4210170448,NA,NA,NA,NA,NA,23
Libri,1950,2024,N/A,Germany,(none),De Gruyter,SSH,No,0024-2667,Q15764922,S170287832,NA,NA,NA,NA,34,30
Linguistic Typology,1997,2024,N/A,Germany,(none),De Gruyter,SSH,No,1430-0532,Q13551342,S97247071,NA,NA,NA,NA,25,32
Linguistics,1963,2021,N/A,Germany,(none),De Gruyter,SSH,No,0024-3949,Q6554075,S126923661,NA,77,60,73,74,36
Nietzsche-Studien,1972,2021,N/A,Germany,(none),De Gruyter,SSH,No,0342-1422,Q15758303,S4210171306,NA,51,32,19,15,17
"Peace Economics, Peace Science and Public Policy",1993,2025,N/A,Germany,(none),De Gruyter,SSH,No,1079-2457,Q15817553,S402139,NA,NA,NA,NA,NA,25
Perspektiven der Wirtschaftspolitik,2000,2025,N/A,Germany,Verein für Socialpolitik,De Gruyter,SSH,No,1465-6493,Q4046703,S24470789,NA,NA,NA,NA,NA,39
Poznan Studies in Contemporary Linguistics,2011,2025,N/A,Germany,(none),De Gruyter,SSH,No,0137-2459,Q15763462,S4210236141,NA,NA,NA,NA,NA,26
"Preservation, Digital Technology & Culture",2013,2024,N/A,Germany,(none),De Gruyter,SSH,No,2195-2957,Q96329437,S4210201261,NA,NA,NA,NA,32,37
Probus,1989,2025,N/A,Germany,(none),De Gruyter,SSH,No,0921-4771,Q7247072,S120013848,NA,NA,NA,NA,NA,13
Quellen und Forschungen aus italienischen Archiven und Bibliotheken,1898,2021,N/A,Germany,(none),De Gruyter,SSH,No,0079-9068,Q1268287,S4210174337,NA,27,35,35,37,33
Restaurator. International Journal for the Preservation of Library and Archival Material,1970,2025,N/A,Germany,(none),De Gruyter,SSH,No,0034-5806,Q15753463,S29114012,NA,NA,NA,NA,NA,15
Reviews in Chemical Engineering,1982,2025,N/A,Germany,(none),De Gruyter,PSM,No,0167-8299,Q15760029,S186775512,NA,NA,NA,NA,NA,34
Reviews in Inorganic Chemistry,1985,2025,N/A,Germany,(none),De Gruyter,SSH,No,0193-4929,Q19299094,S993292003,NA,NA,NA,NA,NA,43
Semiotica,2013,2024,N/A,Germany,International Association for Semiotic Studies,De Gruyter,SSH,No,0037-1998,Q10971339,S171347946,NA,NA,NA,NA,60,65
Sozialer Sinn,2000,2025,N/A,Germany,(none),De Gruyter,SSH,No,1439-9326,Q48754604,S4210235048,NA,NA,NA,NA,NA,19
Soziologische Revue,1978,2021,N/A,Germany,(none),De Gruyter,SSH,No,0343-4109,Q96732221,S83648035,NA,84,81,73,93,64
Sport und Gesellschaft,2004,2025,N/A,Germany,German Association of Sport Science,De Gruyter,SSH,No,1610-3181,Q96732363,S4210193403,NA,NA,NA,NA,NA,17
"Statistics, Politics and Policy",2010,2025,N/A,Germany,(none),De Gruyter,SSH,No,2151-7509,Q27725239,S119134901,NA,NA,NA,NA,NA,20
Theoretical Linguistics,1974,2025,N/A,Germany,(none),De Gruyter,SSH,No,0301-4428,Q7782359,S183937543,NA,NA,NA,NA,NA,18
Zeitschrift für Angewandte Linguistik,2010,2025,N/A,Germany,Gesellschaft für Angewandte Linguistik,De Gruyter,SSH,No,1433-9889,Q96335125,S4210184776,NA,NA,NA,NA,NA,27
Zeitschrift für Anglistik und Amerikanistik,1953,2025,N/A,Germany,(none),De Gruyter,SSH,No,0044-2305,Q15750134,S187051950,NA,NA,NA,NA,NA,44
Zeitschrift für Kristallographie - Crystalline Materials,1877,2025,N/A,Germany,(none),De Gruyter,PSM,No,0044-2968,Q186699,S95272069,NA,NA,NA,NA,NA,47
Zeitschrift für Kunstgeschichte,2018,2023,N/A,Germany,(none),De Gruyter,SSH,No,0044-2992,Q186701,S135064885,NA,NA,NA,33,40,45
Zeitschrift für Rechtssoziologie,1980,2025,N/A,Germany,(none),De Gruyter,SSH,No,0172-6404,Q1317529,S192729060,NA,NA,NA,NA,NA,24
Zeitschrift für Sozialreform,1955,2025,N/A,Germany,(none),De Gruyter,SSH,No,0514-2776,Q27716643,S4210217744,NA,NA,NA,NA,NA,15
Zeitschrift für Soziologie,1972,2021,N/A,Germany,(none),De Gruyter,SSH,No,0340-1804,Q186743,S16390937,NA,33,31,34,34,33
Zeitschrift für Tourismuswissenschaft,2009,2023,N/A,Germany,(none),De Gruyter,SSH,No,1867-9501,Q96734315,S4210226810,NA,NA,NA,20,20,27
Zeitschrift für Wirtschaftsgeographie,1982,2021,N/A,Germany,(none),De Gruyter,SSH,No,0044-3751,Q27718525,S185756478,NA,22,22,24,19,NA
Dictionaries: Journal of the Dictionary Society of North America,1979,2025,N/A,USA,Dictionary Society of North America,Dictionary Society of North America,SSH,No,0197-6745,Q96324355,S4306507974,NA,NA,NA,NA,NA,22
Demography,1964,2024,N/A,USA,Population Association of America,Duke University Press,SSH,Yes,0070-3370,Q15716714,S30543418,NA,NA,NA,NA,93,99
Credit and Capital Markets – Kredit und Kapital,1968,2022,N/A,Germany,(none),Duncker & Humblot,SSH,No,2199-1227,Q96332096,S4210192821,NA,NA,35,27,42,1
Journal of Contextual Economics,1871,2022,N/A,Germany,(none),Duncker & Humblot,SSH,No,2568-7603,Q96713101,S4210171053,NA,NA,22,16,21,4
Early Theatre: A Journal associated with the Records of Early English Drama,1998,2025,N/A,USA,,Early Theatre,SSH,No,1206-9078,Q5326755,S20368976,NA,NA,NA,NA,NA,35
Afghanistan,2018,2024,N/A,UK,(none),Edinburgh University Press,SSH,No,2399-357X,Q96698021,S4210231674,NA,NA,NA,NA,27,7
Journal of Holy Land and Palestine Studies,2003,2024,N/A,UK,(none),Edinburgh University Press,SSH,No,1474-9475,Q15708816,S4210186684,NA,NA,NA,NA,24,NA
Astronomy & Astrophysics (A&A),1969,2022,N/A,France,The European Southern Observatory (ESO),EDP Sciences,PSM,Yes,0004-6361,Q752075,S205231332,NA,NA,2134,2366,3441,4043
"ESAIM: Control, Optimisation and Calculus of Variations (COCV)",1996,2021,N/A,France,(none),EDP Sciences,PSM,No,1262-3377,Q2301560,S142457147,NA,111,90,91,94,101
ESAIM: Mathematical Modelling and Numerical Analysis (M2AN),1967,2021,N/A,France,(none),EDP Sciences,PSM,No,0764-583X,Q15817457,S108887460,NA,88,80,120,82,114
ESAIM: Probability and Statistics (PS),1997,2021,N/A,France,(none),EDP Sciences,PSM,No,1292-8100,Q15817927,S70412728,NA,19,22,22,15,17
Mathematical Modelling of Natural Phenomena (MMNP),2006,2020,N/A,France,(none),EDP Sciences,PSM,No,0973-5348,Q15766772,S15090102,90,48,48,40,23,32
RAIRO - Operations Research,1968,2021,N/A,France,(none),EDP Sciences,PSM,No,0399-0559,Q15765338,S20631277,NA,194,213,199,236,199
RAIRO – Theoretical Informatics and Applications,1974,2021,N/A,France,(none),EDP Sciences,PSM,No,0988-3754,Q15753263,S6941720,NA,13,9,12,19,21
Annales de l’Institut Henri Poincaré D,2014,2022,N/A,Germany,European Mathematical Society,EMS Press,PSM,No,2429-7100,Q96326370,S4210188819,NA,NA,34,37,35,38
Annales de l'Institut Henri Poincaré C,1984,2022,N/A,Germany,European Mathematical Society,EMS Press,PSM,No,0246-0211,Q2071903,S27783554,NA,NA,121,141,126,126
Commentarii Mathematici Helvetici,1929,2022,N/A,Germany,European Mathematical Society &  Swiss Mathematical Society,EMS Press,PSM,No,0010-2571,Q5152387,S175700853,NA,NA,24,18,21,26
Elemente der Mathematik,1946,2022,N/A,Germany,European Mathematical Society &  Swiss Mathematical Society,EMS Press,PSM,No,0013-6018,Q15759013,S4210222070,NA,NA,23,26,28,23
EMS Surveys in Mathematical Sciences,2014,2020,N/A,Germany,European Mathematical Society,EMS Press,PSM,No,2308-2151,Q53952131,S4210233088,2,17,3,22,9,24
"Groups, Geometry, and Dynamics",2007,2020,N/A,Germany,European Mathematical Society,EMS Press,PSM,No,1661-7207,Q5611320,S58492650,60,46,52,67,88,97
Interfaces and Free Boundaries,1999,2020,N/A,Germany,European Mathematical Society,EMS Press,PSM,No,1463-9963,Q15407889,S90065678,18,19,19,18,34,19
Journal of Combinatorial Algebra,2017,2020,N/A,Germany,European Mathematical Society,EMS Press,PSM,No,2415-6302,Q96712777,S4210183405,13,8,10,16,23,13
Journal of Fractal Geometry,2014,2020,N/A,Germany,European Mathematical Society,EMS Press,PSM,No,2308-1309,Q96714865,S4210206932,13,14,8,22,16,21
Journal of Noncommutative Geometry,2007,2020,N/A,Germany,European Mathematical Society,EMS Press,PSM,No,1661-6952,Q15441549,S98390336,47,45,33,73,52,43
Journal of Spectral Theory,2011,2020,N/A,Germany,European Mathematical Society,EMS Press,PSM,No,1664-039X,Q96329431,S4210171271,41,57,29,58,60,49
Journal of the European Mathematical Society,1999,2021,N/A,Germany,European Mathematical Society,EMS Press,PSM,No,1435-9855,Q6296136,S88235189,NA,149,123,102,167,174
L'Enseignement Mathématique,1899,2023,N/A,Germany,European Mathematical Society &  International Commission on Mathematical Instruction,EMS Press,PSM,No,0013-8584,Q15749411,S4210229925,NA,NA,NA,17,36,10
Mathematical Statistics and Learning,2018,2020,N/A,Germany,European Mathematical Society,EMS Press,PSM,No,2567-3165,Q1662631,S4210212605,90,120,127,119,144,155
Memoirs of the European Mathematical Society,2022,2024,N/A,Germany,European Mathematical Society,EMS Press,PSM,No,0944-0283,Q124329335,s4393919431,NA,NA,NA,NA,7,12
Portugaliae Mathematica,1937,2022,N/A,Germany,European Mathematical Society & Portuguese Mathematical Society,EMS Press,PSM,No,0032-5155,Q7232584,S160572370,NA,NA,24,22,22,22
Publications of the Research Institute for Mathematical Sciences,1965,2023,N/A,Germany,European Mathematical Society & Research Institute for Mathematical Sciences of Kyoto University,EMS Press,PSM,No,0034-5318,Q15492789,S40062587,NA,NA,NA,23,28,24
Quantum Topology,2010,2020,N/A,Germany,European Mathematical Society,EMS Press,PSM,No,1663-487X,Q96330482,S71154276,13,14,7,27,34,20
Rendiconti del Seminario Matematico della Università di Padova,1930,2023,N/A,Germany,European Mathematical Society & Università degli Studi di Padova,EMS Press,PSM,No,0041-8994,Q7312843,S195149062,NA,NA,NA,43,25,17
Rendiconti Lincei,1849,2023,N/A,Germany,European Mathematical Society & Accademia Nazionale dei Lincei,EMS Press,PSM,No,1120-6349,Q15764741,S4210224264,NA,NA,NA,35,27,89
Revista Matemática Iberoamericana,1985,2022,N/A,Germany,European Mathematical Society & Real Sociedad Matemática Española,EMS Press,PSM,No,0213-2230,Q15758365,S16719760,NA,NA,77,53,69,75
Zeitschrift für Analysis und ihre Anwendungen,1982,2024,N/A,Germany,European Mathematical Society,EMS Press,PSM,No,0232-2064,Q15762128,s4210177496,NA,NA,NA,NA,57,22
Nabokov Studies,1994,2025,N/A,USA,International Vladimir Nabokov Society,International Vladimir Nabokov Society and Davidson College,SSH,No,1548-9965,Q15745280,S100368719,NA,NA,NA,NA,NA,9
Environmental Policy and Law,1975,2023,N/A,The Netherlands,(none),IOS Press,SSH,No,0378-777X,Q15764327,S36909964,NA,NA,NA,26,31,27
Information Services & Use,1981,2024,N/A,The Netherlands,(none),IOS Press,SSH,No,0167-5265,Q6030834,S2764781207,NA,NA,NA,NA,21,16
AQUA,1952,2021,2023,UK,International Water Association,IWA Publishing,PSM,No,2709-8028,Q124155437,S4387288218,NA,85,104,138,NA,NA
Journal of Hydroinformatics,1999,2021,2023,UK,International Water Association & The International Association for Hydro-Environment Engineering and Research,IWA Publishing,PSM,No,1464-7141,Q15764126,S79392371,NA,74,69,158,NA,NA
Journal of Water and Climate Change,2010,2021,2023,UK,International Water Association,IWA Publishing,PSM,No,2040-2244,Q15817178,S32042501,NA,192,199,280,NA,NA
Journal of Water Sanitation and Hygiene for Development,2011,2021,2023,UK,International Water Association,IWA Publishing,PSM,No,2043-9083,Q27725005,S2495644771,NA,97,71,85,NA,NA
Water & Health,2003,2021,2023,UK,International Water Association & World Health Organization,IWA Publishing,LS,No,1477-8920,Q15758145,S26443501,NA,89,128,153,NA,NA
Water Policy,1998,2021,2023,UK,International Water Association & World Water Council,IWA Publishing,PSM,No,1366-7017,Q15761055,S207806050,NA,119,93,70,NA,NA
Water Practice and Technology,2006,2021,2023,UK,International Water Association,IWA Publishing,PSM,No,1751-231X,Q96334888,S137656717,NA,159,172,227,NA,NA
Water Quality Research Journal,1966,2021,2023,UK,International Water Association & Canadian Association on Water Quality,IWA Publishing,PSM,No,2709-8044,Q124128395,S48489864,NA,18,23,17,NA,NA
Water Science and Technology,1969,2021,2023,UK,International Water Association,IWA Publishing,PSM,No,0273-1223,Q15756445,S53450646,NA,534,429,422,NA,NA
Water Supply,2001,2021,2023,UK,International Water Association,IWA Publishing,PSM,No,1606-9749,Q15755619,S124453322,NA,458,396,338,NA,NA
American Imago,1939,2025,N/A,USA,,Johns Hopkins University Press,SSH,No,0065-860X,Q3656266,S54565450,NA,NA,NA,NA,NA,18
American Journal of Philology,1880,2025,N/A,USA,,Johns Hopkins University Press,SSH,No,0002-9475,Q465359,S186893535,NA,NA,NA,NA,NA,33
Arethusa,1967,2025,N/A,USA,,Johns Hopkins University Press,SSH,No,0004-0975,Q4789102,S68799332,NA,NA,NA,NA,NA,18
"Arizona Quarterly: A Journal of American Literature, Culture, and Theory",1945,2025,N/A,USA,,Johns Hopkins University Press,SSH,No,0004-1610,Q15766265,S33829722,NA,NA,NA,NA,NA,23
ASAP/Journal,2016,2025,N/A,USA,Association for the Study of the Arts of the Present,Johns Hopkins University Press,SSH,No,2381-4721,Q89679787,S4210224068,NA,NA,NA,NA,NA,13
CUSP: Late Nineteenth and Early Twentieth Century Cultures,2022,2025,N/A,USA,(none),Johns Hopkins University Press,SSH,No,2768-6361,Q134452955,NONE,NA,NA,NA,NA,NA,26
Diacritics,1971,2025,N/A,USA,,Johns Hopkins University Press,SSH,No,0300-7162,Q5270247,S149853692,NA,NA,NA,NA,NA,0
Digital Philology: A Journal of Medieval Cultures,2012,2025,N/A,USA,,Johns Hopkins University Press,SSH,No,2162-9544,Q96705924,S4210238910,NA,NA,NA,NA,NA,25
ELH,1934,2025,N/A,USA,,Johns Hopkins University Press,SSH,No,0013-8304,Q5323289,S169145255,NA,NA,NA,NA,NA,46
Journal of Asian American Studies,1998,2025,N/A,USA,Association for Asian American Studies,Johns Hopkins University Press,SSH,No,1097-2129,Q6294803,S174442317,NA,NA,NA,NA,NA,54
Journal of Colonialism and Colonial History,2000,2025,N/A,USA,,Johns Hopkins University Press,SSH,No,1532-5768,Q6294983,S74935645,NA,NA,NA,NA,NA,26
Journal of Jewish Identities,2008,2025,N/A,USA,,Johns Hopkins University Press,SSH,No,1939-7941,Q57263269,S77446758,NA,NA,NA,NA,NA,36
Journal of Late Antiquity,2008,2025,N/A,USA,,Johns Hopkins University Press,SSH,No,1942-1273,Q1709853,S87634573,NA,NA,NA,NA,NA,34
Journal of Orthodox Christian Studies,2018,2025,N/A,USA,,Johns Hopkins University Press,SSH,No,2574-495X,Q96720310,S4210199803,NA,NA,NA,NA,NA,18
Journal of the History of Philosophy,1963,2025,N/A,USA,,Johns Hopkins University Press,SSH,No,0022-5053,Q6296152,S80702723,NA,NA,NA,NA,NA,71
Kennedy Institute of Ethics Journal,1991,2025,N/A,USA,,Johns Hopkins University Press,SSH,No,1086-3249,Q6389629,S159607754,NA,NA,NA,NA,NA,6
Late Imperial China,1965,2025,N/A,USA,,Johns Hopkins University Press,SSH,No,0884-3236,Q6495229,S144953016,NA,NA,NA,NA,NA,10
L'Esprit Créateur,1961,2025,N/A,USA,,Johns Hopkins University Press,SSH,No,0014-0767,Q6455699,S102986953,NA,NA,NA,NA,NA,38
Library Trends,1952,2025,N/A,USA,,Johns Hopkins University Press,SSH,No,0024-2594,Q6542531,S9186059,NA,NA,NA,NA,NA,49
Literature and Medicine,1982,2025,N/A,USA,,Johns Hopkins University Press,SSH,No,0278-9671,Q15708559,S43044738,NA,NA,NA,NA,NA,18
Lutheran Quarterly,1987,2025,N/A,USA,,Johns Hopkins University Press,SSH,No,0024-7499,Q15758293,s2765026788,NA,NA,NA,NA,NA,95
MFS Modern Fiction Studies,1955,2025,N/A,USA,,Johns Hopkins University Press,SSH,No,0026-7724,Q6888659,S16298417,NA,NA,NA,NA,NA,81
MLN,1886,2025,N/A,USA,,Johns Hopkins University Press,SSH,No,0026-7910,Q15708561,S77503192,NA,NA,NA,NA,NA,83
Narrative Inquiry in Bioethics,2011,2025,N/A,USA,,Johns Hopkins University Press,SSH,No,2157-1732,Q6966199,S168537555,NA,NA,NA,NA,NA,77
Partial Answers: Journal of Literature and the History of Ideas,2003,2025,N/A,USA,,Johns Hopkins University Press,SSH,No,1565-3668,Q7140354,S62637600,NA,NA,NA,NA,NA,36
Philosophy and Literature,1977,2025,N/A,USA,,Johns Hopkins University Press,SSH,No,0190-0013,Q7186221,S105007214,NA,NA,NA,NA,NA,34
Poe Studies,1968,2025,N/A,USA,,Johns Hopkins University Press,SSH,No,1754-6095,Q15760712,S4210174522,NA,NA,NA,NA,NA,19
portal: Libraries and the Academy,2001,2025,N/A,USA,,Johns Hopkins University Press,SSH,No,1531-2542,Q7231500,S158759456,NA,NA,NA,NA,NA,54
Postmodern Culture,1990,2025,N/A,USA,,Johns Hopkins University Press,SSH,No,1053-1920,Q7234372,S114252033,NA,NA,NA,NA,NA,0
"Progress in Community Health Partnerships: Research, Education and Action",2007,2025,N/A,USA,,Johns Hopkins University Press,SSH,No,1557-0541,Q7248585,S205295645,NA,NA,NA,NA,NA,68
Reviews in American History,1973,2025,N/A,USA,,Johns Hopkins University Press,SSH,No,0048-7511,Q7318402,S182589707,NA,NA,NA,NA,NA,46
SAIS Review of International Affairs,1981,2025,N/A,USA,,Johns Hopkins University Press,SSH,No,0036-0775,Q15708565,s4210199491,NA,NA,NA,NA,NA,7
Shakespeare Bulletin,1982,2025,N/A,USA,,Johns Hopkins University Press,SSH,No,0748-2558,Q15708566,S118201569,NA,NA,NA,NA,NA,49
Spiritus: A Journal of Christian Spirituality,2001,2025,N/A,USA,,Johns Hopkins University Press,SSH,No,1533-1709,Q7578151,S199165423,NA,NA,NA,NA,NA,60
Studies in American Fiction,1973,2025,N/A,USA,,Johns Hopkins University Press,SSH,No,0091-8083,Q96733159,S86996156,NA,NA,NA,NA,NA,28
Studies in Romanticism,1961,2025,N/A,USA,,Johns Hopkins University Press,SSH,No,0039-3762,Q7628078,S52729563,NA,NA,NA,NA,NA,32
The Faulkner Journal,1985,2025,N/A,USA,,Johns Hopkins University Press,SSH,No,0884-2949,Q96735555,S4210198686,NA,NA,NA,NA,NA,0
The Hopkins Review,1947,2025,N/A,USA,,Johns Hopkins University Press,SSH,No,1939-9774,Q5494301,S30839266,NA,NA,NA,NA,NA,97
The Lion and the Unicorn,1977,2025,N/A,USA,,Johns Hopkins University Press,SSH,No,0147-2593,Q7747501,S123744177,NA,NA,NA,NA,NA,0
The Review of Higher Education,1978,2025,N/A,USA,Association for the Study of Higher Education,Johns Hopkins University Press,SSH,No,0162-5748,Q7760533,S186832212,NA,NA,NA,NA,NA,41
Theory & Event,1997,2025,N/A,USA,,Johns Hopkins University Press,SSH,No,1092-311X,Q7782409,S122671983,NA,NA,NA,NA,NA,42
Victorian Poetry,1963,2025,N/A,USA,,Johns Hopkins University Press,SSH,No,0042-5206,Q15764088,S136786980,NA,NA,NA,NA,NA,6
Wallace Stevens Journal,1977,2025,N/A,USA,Wallace Stevens Society,Johns Hopkins University Press,SSH,No,0148-7132,Q7773330,S955825915,NA,NA,NA,NA,NA,29
Developmental Neuroscience,1978,2023,N/A,Switzerland,(none),Karger,LS,No,0378-5866,Q15763713,S88959177,NA,NA,NA,59,33,60
European Addiction Research,1995,2025,N/A,Switzerland,European Federation of Addiction Societies,Karger,LS,No,1022-6877,Q15749459,S98083841,NA,NA,NA,NA,NA,31
Neurodegenerative Diseases,2004,2025,N/A,Switzerland,Société Francophone Posture Équilibre et Locomotion,Karger,LS,No,1660-2854,Q15764918,S101887095,NA,NA,NA,NA,NA,40
Pediatric Neurosurgery,1975,2023,N/A,Switzerland,(none),Karger,LS,No,1016-2291,Q15749799,S130320380,NA,NA,NA,81,20,32
European Journal of Language Policy,2009,2025,N/A,UK,,Liverpool University Press,SSH,No,1757-6822,Q60686491,S103271999,NA,NA,NA,NA,NA,19
International Development Planning Review (IDPR),1979,2022,N/A,UK,(none),Liverpool University Press,SSH,No,1474-6743,Q15752603,S77065269,NA,NA,20,22,21,32
Town Planning Review (TPR),1910,2022,N/A,UK,(none),Liverpool University Press,SSH,No,0041-0020,Q15755693,S127305097,NA,NA,49,34,63,55
Algebra & Number Theory,2007,2023,N/A,USA,(none),Mathematical Sciences Publishers,PSM,No,1937-0652,Q4723967,S184416969,NA,NA,NA,85,74,79
Algebraic & Geometric Topology,2001,2023,N/A,USA,(none),Mathematical Sciences Publishers,PSM,No,1472-2747,Q4723981,S106486924,NA,NA,NA,118,159,175
Analysis & PDE,2008,2023,N/A,USA,(none),Mathematical Sciences Publishers,PSM,No,2157-5045,Q15727043,S2477993565,NA,NA,NA,75,100,63
Geometry & Topology,1997,2023,N/A,USA,(none),Mathematical Sciences Publishers,PSM,No,1364-0380,Q5535513,S50220091,NA,NA,NA,71,90,93
Pacific Journal of Mathematics,1951,2023,N/A,USA,(none),Mathematical Sciences Publishers,PSM,No,0030-8730,Q4046287,S130774151,NA,NA,NA,101,105,111
Journal of General Virology,1967,2025,N/A,UK,Microbiology Society,Microbiology Society,LS,Yes,0022-1317,Q6295245,S103035011,NA,NA,NA,NA,NA,137
Journal of Medical Microbiology,1968,2025,N/A,UK,Microbiology Society,Microbiology Society,LS,Yes,0022-2615,Q15708716,S154078021,NA,NA,NA,NA,NA,160
American Studies,1960,2025,N/A,USA,Mid-America American Studies Association,Mid-American Studies Association,SSH,No,0026-3079,Q4745197,S157163303,NA,NA,NA,NA,NA,0
Historical Interactions of Religious Cultures,2024,2024,N/A,Germany,(none),Mohr Siebeck,SSH,No,2941-4172,Q134453159,s4387291410,NA,NA,NA,NA,7,11
"Philosophy, Theology and the Sciences",2014,2024,N/A,Germany,(none),Mohr Siebeck,SSH,No,2195-9773,Q20182558,S4210234116,NA,NA,NA,NA,21,25
Rabels Zeitschrift für ausländisches und internationales Privatrecht,1927,2024,N/A,Germany,(none),Mohr Siebeck,SSH,No,0033-7250,Q2124937,S108365452,NA,NA,NA,NA,97,72
Religion in the Roman Empire,2015,2023,N/A,Germany,(none),Mohr Siebeck,SSH,No,2199-4463,Q20164753,S4210191761,NA,NA,NA,16,26,22
Zeitschrift für geistiges Eigentum,2009,2024,N/A,Germany,(none),Mohr Siebeck,SSH,No,1866-339X,Q186667,S4210191860,NA,NA,NA,NA,31,18
Mondes & Migrations,1965,2025,N/A,France,(none),OpenEdition/Musée de l’histoire de l’immigration,SSH,No,3075-6812,Q134444890,NONE,NA,NA,NA,NA,NA,143
Levinas Studies,2005,2025,N/A,USA,,Philosophy Documentation Center,SSH,No,1554-7000,Q15816709,S4210233868,NA,NA,NA,NA,NA,6
Arab Studies Quarterly,1979,2021,N/A,UK,University of California,Pluto Journals,SSH,No,0271-3519,Q4783253,S164212335,NA,56,31,33,30,37
Bethlehem University Journal,1981,2021,N/A,UK,"Bethlehem University, Palestine",Pluto Journals,SSH,No,2410-5449,Q96695687,S4210178821,NA,13,3,11,0,2
Decolonial Horizons,2015,2021,N/A,UK,Otros Cruces,Pluto Journals,SSH,No,2422-6343,Q96706742,S4210175704,NA,0,8,8,0,0
Groundings: The Journal of the Walter Rodney Foundation,2014,2021,N/A,UK,The Walter Rodney Foundation,Pluto Journals,SSH,No,2573-069X,Q96705037,S4210214782,NA,0,14,0,0,0
Institute of Employment Rights Journal,2018,2021,N/A,UK,The Institute of Employment Rights,Pluto Journals,SSH,No,2398-1326,Q96709613,S4210232040,NA,6,0,0,0,0
International Journal of Critical Diversity Studies,2018,2021,N/A,UK,The Wits Centre for Diversity Studies,Pluto Journals,SSH,No,2516-550X,Q96711718,S4210214487,NA,3,0,14,9,22
International Journal of Cuban Studies,2008,2021,N/A,UK,The International Institute for the Study of Cuba,Pluto Journals,SSH,No,1756-3461,Q15814376,S2764545783,NA,25,15,43,24,12
International Journal of Disability and Social Justice,2021,2021,N/A,UK,University of Leeds,Pluto Journals,SSH,No,2732-4036,Q134471191,s4210236504,NA,9,17,26,20,20
Islamophobia Studies Journal,2012,2021,N/A,UK,The Islamophobia Research and Documentation Project at Berkeley,Pluto Journals,SSH,No,2325-8381,Q96708803,S4210192752,NA,17,21,11,8,7
Journal for the Study of Indentureship and its Legacies,2021,2021,N/A,UK,The Ameena Gafoor Institute,Pluto Journals,SSH,No,2634-1999,Q134471383,s4210179858,NA,16,22,15,39,7
Journal of Fair Trade,2019,2021,N/A,UK,The Fair Trade Society,Pluto Journals,SSH,No,2514-4447,Q96736284,S4210220040,NA,13,7,10,13,12
Journal of Global Faultlines,2013,2021,N/A,UK,Keele University,Pluto Journals,SSH,No,2397-7825,Q96715120,S4210205121,NA,27,10,37,22,19
Journal of Intersectionality,2017,2021,N/A,UK,(none),Pluto Journals,SSH,No,2515-2114,Q96736420,S4210193241,NA,0,18,17,7,0
Policy Perspectives,2004,2021,N/A,UK,The Institute of Policy Studies,Pluto Journals,SSH,No,1812-1829,Q96726658,S4210188301,NA,10,23,20,22,22
Prometheus,1983,2021,N/A,UK,(none),Pluto Journals,SSH,No,0810-9028,Q15754000,S198336703,NA,24,53,43,7,19
ReOrient: The Journal of Critical Muslim Studies,2015,2021,N/A,UK,University of Leeds,Pluto Journals,SSH,No,2055-5601,Q18394042,S4210213848,NA,15,26,10,24,16
Socialist Lawyer,1986,2021,N/A,UK,The Haldane Society of Socialist Lawyers,Pluto Journals,SSH,No,0954-3635,Q96731591,S2764927909,NA,45,57,39,23,0
State Crime Journal,2012,2021,N/A,UK,The International State Crime Initiative,Pluto Journals,SSH,No,2046-6056,Q96333903,S4210197680,NA,36,26,14,36,7
"Work Organisation, Labour & Globalisation",2007,2021,N/A,UK,(none),Pluto Journals,SSH,No,1745-641X,Q15757507,S2764966877,NA,14,20,20,15,31
World Review of Political Economy,2010,2021,N/A,UK,The World Association for Political Economy,Pluto Journals,SSH,No,2042-891X,Q60191122,S2764431486,NA,46,44,34,33,25
Zanj: The Journal of Critical Global South Studies,2017,2021,N/A,UK,(none),Pluto Journals,SSH,No,2515-2130,Q96734106,S4210226431,NA,0,34,6,0,13
Biochemical Journal,1906,2025,N/A,UK,Biochemical Society,Portland Press,LS,No,0264-6021,Q864221,S44425019,NA,NA,NA,NA,NA,129
Biochemical Society Transactions,1973,2025,N/A,UK,Biochemical Society,Portland Press,LS,No,0300-5127,Q864226,S137670264,NA,NA,NA,NA,NA,124
Clinical Science,1909,2025,N/A,UK,Biochemical Society,Portland Press,LS,No,0143-5221,Q372419,S206649051,NA,NA,NA,NA,NA,98
Emerging Topics in Life Sciences,2017,2025,N/A,UK,Biochemical Society & Royal Society of Biology,Portland Press,LS,No,2397-8554,Q66692154,S4210170546,NA,NA,NA,NA,NA,18
Essays in Biochemistry,1965,2025,N/A,UK,Biochemical Society,Portland Press,LS,No,0071-1365,Q15754041,S30084617,NA,NA,NA,NA,NA,38
Education and Culture,1981,2025,N/A,USA,,Purdue University Press,SSH,No,1085-4908,Q15763434,S78376902,NA,NA,NA,NA,NA,13
Shofar: An Interdisciplinary Journal of Jewish Studies,1981,2025,N/A,USA,,Purdue University Press,SSH,No,0882-8539,Q7500070,S10702487,NA,NA,NA,NA,NA,36
Medical Law International,1993,2023,N/A,USA,(none),SAGE,SSH,No,0968-5332,Q6806373,S78299534,NA,NA,NA,28,20,23
Netherlands Quarterly of Human Rights,1983,2023,N/A,USA,Netherlands Institute of Human Rights (SIM),SAGE,SSH,No,0924-0519,Q15766781,S158082692,NA,NA,NA,21,21,19
Arthuriana,1994,2025,N/A,USA,"International Arthurian Society, North American Branch",Scriptorium Press,SSH,No,1078-6279,Q4800811,S93573758,NA,NA,NA,NA,NA,54
Journal of LGBTQ Issues in Counseling,2006,2025,N/A,USA,,Taylor & Francis,SSH,No,1553-8605,Q15817852,S143617034,NA,NA,NA,NA,NA,35
Legal Reference Services Quarterly,1981,2025,N/A,USA,,Taylor & Francis,SSH,No,0270-319X,Q15759906,S91328126,NA,NA,NA,NA,NA,18
Technical Services Quarterly,1984,2025,N/A,USA,,Taylor & Francis,SSH,No,0731-7131,Q15758167,S49429790,NA,NA,NA,NA,NA,53
China Review,2001,2025,N/A,China,,The Chinese University of Hong Kong Press,SSH,No,1680-2012,Q15746497,S55323383,NA,NA,NA,NA,NA,0
Journal of Chinese Linguistics,1973,2025,N/A,China,,The Chinese University of Hong Kong Press,SSH,No,0091-3723,Q10874116,S21538864,NA,NA,NA,NA,NA,41
"American Periodicals: A Journal of History, Criticism, and Bibliography",1991,2025,N/A,USA,Research Society for American Periodicals,The Ohio State University Press,SSH,No,1054-7479,Q15755435,S77206139,NA,NA,NA,NA,NA,18
Inks: The Journal of the Comics Studies Society,2017,2025,N/A,USA,Comics Studies Society,The Ohio State University Press,SSH,No,2473-5205,Q89783259,S4210213037,NA,NA,NA,NA,NA,32
Narrative,1993,2025,N/A,USA,,The Ohio State University Press,SSH,No,1063-3685,Q15745283,S174608640,NA,NA,NA,NA,NA,21
Victorians: A Journal of Culture and Literature,1952,2025,N/A,USA,,The Ohio State University Press,SSH,No,2166-0107,Q59430637,S4210179391,NA,NA,NA,NA,NA,0
Journal of the Southwest,1959,2025,N/A,USA,,"The Southwest Center, University of Arizona",SSH,No,0894-8410,Q3810630,S135391083,NA,NA,NA,NA,NA,23
Southern Cultures,1993,2025,N/A,USA,,The University of North Carolina Press,SSH,No,1068-8218,Q15761364,S134342477,NA,NA,NA,NA,NA,56
The Latin Americanist,1956,2025,N/A,USA,Southeastern Council of Latin American Studies,The University of North Carolina Press,SSH,No,1557-203X,Q15764149,S44381432,NA,NA,NA,NA,NA,35
Tulsa Studies in Women's Literature,1982,2025,N/A,USA,,The University of Tulsa,SSH,No,0732-7730,Q7852369,S2764659605,NA,NA,NA,NA,NA,0
Climates and Cultures in History,2024,2024,N/A,UK,(none),The White Horse Press,SSH,No,2635-1331,Q134452915,NONE,NA,NA,NA,NA,6,0
Global Environment,2008,2024,N/A,UK,,The White Horse Press,SSH,No,1973-3739,Q96328934,S4210188446,NA,NA,NA,NA,29,28
Nomadic Peoples,1997,2023,N/A,UK,The Commission on Nomadic Peoples / IUAES,The White Horse Press,SSH,No,0822-7942,Q15755901,S178513897,NA,NA,NA,19,22,24
Plant Perspectives,2024,2024,N/A,UK,(none),The White Horse Press,SSH,No,2753-3603 ,Q134471176,S4394906782,NA,NA,NA,NA,30,29
Worldwide Waste,2018,2024,N/A,UK,(none),The White Horse Press,SSH,No,2399-7117,Q124413041,S4210224504,NA,NA,NA,NA,2,6
China Studies International,2013,2025,N/A,USA,(none),University of Hawai'i Press,SSH,No,2996-8593,Q134453191,s4404669925,NA,NA,NA,NA,NA,42
Music and the Moving Image,2008,2025,N/A,USA,,University of Illinois Press,SSH,No,1940-7610,Q53953287,S4210226598,NA,NA,NA,NA,NA,12
The Journal of Aesthetic Education,1966,2025,N/A,USA,,University of Illinois Press,SSH,No,0021-8510,Q15754803,S22755053,NA,NA,NA,NA,NA,30
"Restoration: Studies in English Literary Culture, 1660-1700",1977,2025,N/A,USA,,University of Maryland,SSH,No,1941-952X,Q15758231,S4835602,NA,NA,NA,NA,NA,9
Mechademia,2006,2025,N/A,USA,,University of Minnesota Press,SSH,No,1934-2489,Q6804452,S16704120,NA,NA,NA,NA,NA,0
The Missouri Review,1978,2025,N/A,USA,,University of Missouri,SSH,No,1548-9930,Q7751777,S204358049,NA,NA,NA,NA,NA,58
American Indian Quarterly,1974,2025,N/A,USA,,University of Nebraska Press,SSH,No,0095-182X,Q4744109,S188904407,NA,NA,NA,NA,NA,0
Anthropological Linguistics,1959,2025,N/A,USA,,University of Nebraska Press,SSH,No,0003-5483,Q15759972,S96414126,NA,NA,NA,NA,NA,0
Collaborative Anthropologies,2008,2025,N/A,USA,,University of Nebraska Press,SSH,No,1943-2550,Q15758582,S2764746475,NA,NA,NA,NA,NA,0
Feminist German Studies,1985,2025,N/A,USA,The Coalition of Women in German,University of Nebraska Press,SSH,No,2578-5192,Q96701417,S4210175555,NA,NA,NA,NA,NA,32
Frontiers: A Journal of Women Studies,1975,2025,N/A,USA,,University of Nebraska Press,SSH,No,0160-9009,Q15760728,S4210203252,NA,NA,NA,NA,NA,30
Great Plains Quarterly,1981,2025,N/A,USA,,University of Nebraska Press,SSH,No,0275-7664,Q26849617,S66322658,NA,NA,NA,NA,NA,37
Great Plains Research,1991,2025,N/A,USA,,University of Nebraska Press,SSH,No,1052-5165,Q26849618,S2764896820,NA,NA,NA,NA,NA,0
Intertexts,1997,2025,N/A,USA,,University of Nebraska Press,SSH,No,1096-4458,Q15750351,S32324722,NA,NA,NA,NA,NA,6
Journal of Austrian Studies,1967,2025,N/A,USA,,University of Nebraska Press,SSH,No,2165-669X,Q57244407,S2764752174,NA,NA,NA,NA,NA,52
Journal of Magazine Media,1999,2025,N/A,USA,Association for Education in Journalism and Mass Communication,University of Nebraska Press,SSH,No,2576-7887,Q96717830,S4210233624,NA,NA,NA,NA,NA,13
Journal of Sports Media,2006,2025,N/A,USA,,University of Nebraska Press,SSH,No,1558-4313,Q15757470,S93375726,NA,NA,NA,NA,NA,14
Legacy: A Journal of American Women Writers,1984,2025,N/A,USA,Society for the Study of American Women Writers,University of Nebraska Press,SSH,No,0748-4321,Q15761262,S45282085,NA,NA,NA,NA,NA,12
NINE: A Journal of Baseball History and Culture,1992,2025,N/A,USA,,University of Nebraska Press,SSH,No,1188-9330,Q96719316,S4210180602,NA,NA,NA,NA,NA,47
Nineteenth-Century French Studies,1972,2025,N/A,USA,,University of Nebraska Press,SSH,No,0146-7891,Q15749170,S96917445,NA,NA,NA,NA,NA,10
Nouvelles Etudes Francophones,2006,2025,N/A,USA,International Council of Francophone Studies,University of Nebraska Press,SSH,No,1552-3152,Q3345288,S4210234781,NA,NA,NA,NA,NA,24
Storyworlds: A Journal of Narrative Studies,2009,2025,N/A,USA,,University of Nebraska Press,SSH,No,1946-2204,Q27921624,S16151882,NA,NA,NA,NA,NA,0
Studies in American Indian Literatures,1989,2025,N/A,USA,Association for the Study of American Indian Literatures,University of Nebraska Press,SSH,No,0730-3238,Q15766590,S50874328,NA,NA,NA,NA,NA,0
Studies in American Naturalism,2006,2025,N/A,USA,,University of Nebraska Press,SSH,No,1931-2555,Q15755315,S61399512,NA,NA,NA,NA,NA,0
Western American Literature,1966,2025,N/A,USA,Western Literature Association,University of Nebraska Press,SSH,No,0043-3462,Q15750159,S111213863,NA,NA,NA,NA,NA,47
Women and Music: A Journal of Gender and Culture,1997,2025,N/A,USA,,University of Nebraska Press,SSH,No,1553-0612,Q15763485,S204859843,NA,NA,NA,NA,NA,1
Change Over Time,2011,2025,N/A,USA,,University of Pennsylvania Press,SSH,No,2153-0548,Q15716459,S180246578,NA,NA,NA,NA,NA,4
Early American Studies: An Interdisciplinary Journal,2003,2025,N/A,USA,,University of Pennsylvania Press,SSH,No,1543-4273,Q15709997,S13549255,NA,NA,NA,NA,NA,17
Eudora Welty Review,2009,2025,N/A,USA,Eudora Welty Society,University of Pennsylvania Press,SSH,No,1947-3370,Q57294402,S2764513514,NA,NA,NA,NA,NA,25
French Forum,1975,2025,N/A,USA,,University of Pennsylvania Press,SSH,No,1534-1836,Q5501769,S26445087,NA,NA,NA,NA,NA,19
"Humanity: An International Journal of Human Rights, Humanitarianism, and Development",2010,2025,N/A,USA,,University of Pennsylvania Press,SSH,No,2151-4372,Q15710022,S163559066,NA,NA,NA,NA,NA,0
Information & Culture,1966,2025,N/A,USA,,University of Texas Press,SSH,No,2164-8034,Q6030640,S1002854943,NA,NA,NA,NA,NA,30
Studies in Latin American Popular Culture,1982,2025,N/A,USA,,University of Texas Press,SSH,No,0730-9139,Q15750458,S197429832,NA,NA,NA,NA,NA,9
Journal of City Climate Policy and Economy,2022,2022,N/A,Canada,(none),University of Toronto Press,SSH,No,2816-7406,Q134453123,s4393919708,NA,NA,12,4,18,54
African Economic History,1974,2025,N/A,USA,,University of Wisconsin Press,SSH,No,0145-2258,Q4689758,S81146794,NA,NA,NA,NA,NA,7
Luso-Brazilian Review,1964,2025,N/A,USA,,University of Wisconsin Press,SSH,No,0024-7413,Q6705203,S64911513,NA,NA,NA,NA,NA,34
